quadrant,n_variables,total_impact,pct_of_total
Q1,6,6.0,24.663017965107386
Q2,6,6.0,24.663017965107386
Q3,6,6.0,24.663017965107386
Q4,11,6.327922918795458,26.010946104677856
