quadrant,variable,impact_value
Q1,y_cfactual,1.0
Q1,mu1,1.0
Q1,x2,1.0
Q1,x3,1.0
Q1,x4,1.0
Q1,x5,1.0
Q2,x6,1.0
Q2,x7,1.0
Q2,x8,1.0
Q2,x9,1.0
Q2,x10,1.0
Q2,x11,1.0
Q3,x12,1.0
Q3,x13,1.0
Q3,x14,1.0
Q3,x15,1.0
Q3,x16,1.0
Q3,x17,1.0
Q4,x20,1.0
Q4,x22,1.0
Q4,x24,1.0
Q4,x25,1.0
Q4,treatment,0.6198601470895497
Q4,x1,0.5859787899858662
Q4,x23,0.4685234234725946
Q4,mu0,0.2446766308062818
Q4,x18,0.2374670343629127
Q4,x19,0.1214121648768876
Q4,x21,0.050004728201365
