{
  "method": "partial_dependence",
  "total_impact": 16.714591164902053,
  "quadrants": {
    "Q1": [],
    "Q2": [
      "treatment"
    ],
    "Q3": [
      "mu1",
      "x18"
    ],
    "Q4": [
      "x16",
      "x6",
      "y_cfactual",
      "mu0",
      "x4",
      "x5",
      "x15",
      "x9",
      "x2",
      "x23",
      "x22",
      "x24",
      "x10",
      "x25",
      "x17",
      "x1",
      "x11",
      "x14",
      "x12",
      "x3",
      "x7",
      "x8",
      "x19",
      "x20",
      "x13",
      "x21"
    ]
  },
  "quadrant_impacts": {
    "Q1": 0.0,
    "Q2": 7.212320822024124,
    "Q3": 3.8810473950440656,
    "Q4": 5.621222947833857
  },
  "quadrant_counts": {
    "Q1": 0,
    "Q2": 1,
    "Q3": 2,
    "Q4": 26
  }
}