quadrant,n_variables,total_impact,pct_of_total
Q1,0,0.0,0.0
Q2,1,7.212320822024124,43.149848840866866
Q3,2,3.8810473950440656,23.219517347176517
Q4,26,5.621222947833857,33.63063381195658
