quadrant,n_variables,total_impact,pct_of_total
Q1,1,3.3765382011003524,20.15861113571679
Q2,5,4.6932326122336,28.019541188264974
Q3,8,4.3004624894443655,25.674624679263037
Q4,15,4.379622023900624,26.147222996755215
