{
  "method": "linear_regression",
  "total_impact": 5.188576949540859,
  "quadrants": {
    "Q1": [
      "treatment"
    ],
    "Q2": [
      "mu0",
      "mu1"
    ],
    "Q3": [
      "x6",
      "y_cfactual",
      "x9",
      "x15",
      "x10"
    ],
    "Q4": [
      "x17",
      "x25",
      "x23",
      "x4",
      "x24",
      "x22",
      "x16",
      "x5",
      "x1",
      "x11",
      "x14",
      "x2",
      "x12",
      "x7",
      "x18",
      "x8",
      "x19",
      "x13",
      "x21",
      "x20",
      "x3"
    ]
  },
  "quadrant_impacts": {
    "Q1": 1.0134023163714423,
    "Q2": 1.2145992300753257,
    "Q3": 1.5143100582132885,
    "Q4": 1.446265344880803
  },
  "quadrant_counts": {
    "Q1": 1,
    "Q2": 2,
    "Q3": 5,
    "Q4": 21
  }
}