quadrant,n_variables,total_impact,pct_of_total
Q1,1,1.0134023163714423,19.531411526259028
Q2,2,1.2145992300753257,23.409101221536407
Q3,5,1.5143100582132885,29.185460154875237
Q4,21,1.446265344880803,27.87402709732934
