{
  "method": "do_calculus",
  "total_impact": 20.7683302734774,
  "quadrants": {
    "Q1": [
      "treatment"
    ],
    "Q2": [
      "mu1",
      "x15",
      "x6"
    ],
    "Q3": [
      "x16",
      "x9",
      "mu0",
      "x23",
      "x22",
      "x24",
      "x10"
    ],
    "Q4": [
      "x25",
      "x18",
      "x17",
      "y_cfactual",
      "x11",
      "x21",
      "x14",
      "x12",
      "x4",
      "x8",
      "x7",
      "x5",
      "x2",
      "x1",
      "x13",
      "x20",
      "x19",
      "x3"
    ]
  },
  "quadrant_impacts": {
    "Q1": 4.660569518916291,
    "Q2": 4.756540445404873,
    "Q3": 6.156705550243938,
    "Q4": 5.194514758912298
  },
  "quadrant_counts": {
    "Q1": 1,
    "Q2": 3,
    "Q3": 7,
    "Q4": 18
  }
}