quadrant,n_variables,total_impact,pct_of_total
Q1,1,4.660569518916291,22.440752133396888
Q2,3,4.756540445404873,22.902854407507693
Q3,7,6.156705550243938,29.644682404278207
Q4,18,5.194514758912298,25.01171105481722
