{
  "method": "avg_impact",
  "total_impact": 16.74985532667894,
  "quadrants": {
    "Q1": [
      "treatment"
    ],
    "Q2": [
      "mu1",
      "x16",
      "x6",
      "y_cfactual",
      "x15"
    ],
    "Q3": [
      "x18",
      "mu0",
      "x9",
      "x22",
      "x10",
      "x24",
      "x25",
      "x17"
    ],
    "Q4": [
      "x4",
      "x23",
      "x5",
      "x11",
      "x14",
      "x12",
      "x2",
      "x7",
      "x8",
      "x13",
      "x20",
      "x3",
      "x1",
      "x21",
      "x19"
    ]
  },
  "quadrant_impacts": {
    "Q1": 3.3765382011003524,
    "Q2": 4.6932326122336,
    "Q3": 4.3004624894443655,
    "Q4": 4.379622023900624
  },
  "quadrant_counts": {
    "Q1": 1,
    "Q2": 5,
    "Q3": 8,
    "Q4": 15
  }
}