variable,r2_full,r2_reduced,variance_contribution,variance_contribution_pct,f_statistic,p_value,is_significant,n_samples,n_predictors_full,n_predictors_reduced
treatment,0.7361204071142403,0.2532081366821459,0.4829122704320944,48.29122704320944,1359.7255210499798,1.1102230246251565e-16,True,747,3,2
mu1,0.7361204071142403,0.5160577690432769,0.22006263807096338,22.00626380709634,619.6255583792416,1.1102230246251565e-16,True,747,3,2
x18,0.7361204071142403,0.7361065788591983,1.3828255042036552e-05,0.0013828255042036552,0.03893591536910249,0.8436296425430996,False,747,3,2
