variable,shapiro_statistic,shapiro_pvalue,shapiro_normal,dagostino_statistic,dagostino_pvalue,dagostino_normal,anderson_statistic,anderson_critical_5pct,anderson_normal,ks_statistic,ks_pvalue,ks_normal,mean,std,skewness,kurtosis,n_samples
linear_regression,0.6864092945143822,1.350800924997503e-06,False,26.793833650057287,1.5198227754102818e-06,False,3.437773968970383,0.71,False,0.2858167718545225,0.013683117324308047,False,0.1789164465358917,0.23081981050281317,2.1751205057323775,4.263496294362942,29
partial_dependence,0.43959424107922984,1.9283728220219952e-09,False,56.26835412793346,6.046194978170979e-13,False,5.821900101839091,0.71,False,0.33932248316885716,0.0017536054988698258,False,0.5763652125828291,1.3747374868497675,3.9344487460726376,15.838730104814573,29
do_calculus,0.6401035267055952,3.2376351332626584e-07,False,44.16078662443448,2.573991013021541e-10,False,2.8986780379548023,0.71,False,0.23698893981146696,0.06452538812012165,True,0.7161493197750828,0.8954457315521301,3.075994791945221,10.493730631944683,29
causal_forest,0.5770760965207815,5.497785228652618e-08,False,12.9622984525963,0.001532048996235559,False,6.016930059651003,0.71,False,0.4608236237249711,3.7195935958064263e-06,False,0.8388938937515675,0.30354597396859545,-1.5696870667614062,0.8498765060842355,29
avg_impact,0.5674486355728012,4.256692410856935e-08,False,51.655461056551374,6.069587148310133e-12,False,3.8736653669563097,0.71,False,0.3009584639147219,0.007949612226997638,False,0.5775812181613429,0.5995344994324329,3.5873465203952377,13.674784021154014,29
