variable,quadrant,impact_value
treatment,Q1,3.3765382011003524
mu1,Q2,1.5466966608264738
x18,Q3,0.6437501058564878
