threshold_pct,threshold,target_impact,count_per_quadrant,total_selected,cumulative_impact,coverage_pct,target_achieved,diff_from_target
60.0,0.6,10.049913196007363,1,3,5.566984967783314,33.23601821752034,False,4.48292822822405
70.0,0.7,11.724898728675257,1,3,5.566984967783314,33.23601821752034,False,6.157913760891943
75.0,0.75,12.562391495009205,1,3,5.566984967783314,33.23601821752034,False,6.995406527225891
80.0,0.8,13.399884261343153,1,3,5.566984967783314,33.23601821752034,False,7.83289929355984
90.0,0.9,15.074869794011047,1,3,5.566984967783314,33.23601821752034,False,9.507884826227734
